antecedents,consequents,antecedent support,consequent support,support,confidence,lift,representativity,leverage,conviction,zhangs_metric,jaccard,certainty,kulczynski
frozenset({'peak_time_Peak'}),frozenset({'cab_type_Lyft'}),0.2788848472955873,0.4435447450549799,0.12423691079268935,0.4454774506304097,1.004357408349388,1.0,0.000539002299271063,1.0034853507357404,0.006016381296103261,0.20768711256904412,0.003473245257825362,0.3627887565440603
frozenset({'cab_type_Lyft'}),frozenset({'peak_time_Peak'}),0.4435447450549799,0.2788848472955873,0.12423691079268935,0.2801000624577109,1.004357408349388,1.0,0.000539002299271063,1.001688033431802,0.00779668028743144,0.20768711256904412,0.0016851887768078902,0.3627887565440603
frozenset({'peak_time_Non-Peak'}),frozenset({'cab_type_Uber'}),0.7211151527044127,0.55645525494502,0.4018073184421221,0.5572027115713988,1.0013432465948275,1.0,0.000539002299271063,1.0016880334318021,0.004810030795166241,0.45880823637567836,0.0016851887768078737,0.6396432498745801
frozenset({'cab_type_Uber'}),frozenset({'peak_time_Non-Peak'}),0.55645525494502,0.7211151527044127,0.4018073184421221,0.7220837881777614,1.0013432465948275,1.0,0.000539002299271063,1.00348535073574,0.003024372893045389,0.45880823637567836,0.003473245257825148,0.6396432498745801
